Id;Ticket
31131950;https://api.basisregisters.vlaanderen.be/v2/tickets/018f3946-54cc-440d-bef8-2d4881e7dfdf
31004349;https://api.basisregisters.vlaanderen.be/v2/tickets/018f3946-514b-4e7a-9525-f4521ac0a527
30853675;https://api.basisregisters.vlaanderen.be/v2/tickets/018f3946-507c-4f71-a6f7-1ac5f13e81a2
30676190;https://api.basisregisters.vlaanderen.be/v2/tickets/018f3946-4413-465c-89ec-867f9176311e
30676188;https://api.basisregisters.vlaanderen.be/v2/tickets/018f3946-4340-4723-9dd5-8b415a497668
30676189;https://api.basisregisters.vlaanderen.be/v2/tickets/018f3946-4320-4d3a-88dd-4ecd14aa93b8
20650903;https://api.basisregisters.vlaanderen.be/v2/tickets/018f3946-4000-411d-a5a6-4eeb7814440b
20650905;https://api.basisregisters.vlaanderen.be/v2/tickets/018f3946-4000-47ec-bd2b-b6ec3f9813e9
31418629;https://api.basisregisters.vlaanderen.be/v2/tickets/018f3946-63a8-4bc3-99a0-a92b691a5f6c
31416813;https://api.basisregisters.vlaanderen.be/v2/tickets/018f3946-627b-4e1c-8b0b-21261d791b89
31416811;https://api.basisregisters.vlaanderen.be/v2/tickets/018f3946-626c-42a9-8939-3fb1dc0ff946
31409973;https://api.basisregisters.vlaanderen.be/v2/tickets/018f3946-6004-46dc-97d6-a7cc52bafd34
31409909;https://api.basisregisters.vlaanderen.be/v2/tickets/018f3946-5f7f-473e-beed-1fa04cfc7013
31221846;https://api.basisregisters.vlaanderen.be/v2/tickets/018f3946-5942-4b86-8d1d-cb139fcf5b6f
31131946;https://api.basisregisters.vlaanderen.be/v2/tickets/018f3946-54cd-42cf-8f7b-aba46cd13ffe
31062729;https://api.basisregisters.vlaanderen.be/v2/tickets/018f3946-5373-484c-8fc9-6168488c77e3
30676208;https://api.basisregisters.vlaanderen.be/v2/tickets/018f3946-44d8-4f31-9e47-7f8a7c258f2c
20650894;https://api.basisregisters.vlaanderen.be/v2/tickets/018f3946-3dd9-44a5-8dc5-4eba84645681
31266882;https://api.basisregisters.vlaanderen.be/v2/tickets/018f3946-59b8-4993-8416-24e0993105e8
31221849;https://api.basisregisters.vlaanderen.be/v2/tickets/018f3946-5941-48a3-a0f9-58672b134768
31208528;https://api.basisregisters.vlaanderen.be/v2/tickets/018f3946-566d-414f-8955-e47a2023152d
31168382;https://api.basisregisters.vlaanderen.be/v2/tickets/018f3946-55c5-49dd-955e-46e019a2665d
31131953;https://api.basisregisters.vlaanderen.be/v2/tickets/018f3946-5570-4b7f-831e-dafcc42ef89c
31062728;https://api.basisregisters.vlaanderen.be/v2/tickets/018f3946-5375-49c0-9e16-aa9fc0701665
31039335;https://api.basisregisters.vlaanderen.be/v2/tickets/018f3946-52a8-47c8-a6af-fc0ea84cdd6d
31039334;https://api.basisregisters.vlaanderen.be/v2/tickets/018f3946-5271-48b9-a6c6-f39532796c7d
31039333;https://api.basisregisters.vlaanderen.be/v2/tickets/018f3946-5272-4591-a7f4-909eca954835
31039330;https://api.basisregisters.vlaanderen.be/v2/tickets/018f3946-5269-46fd-afd4-27d0e994112f
30853673;https://api.basisregisters.vlaanderen.be/v2/tickets/018f3946-4fea-4539-b32e-6bb23fd34cef
30853670;https://api.basisregisters.vlaanderen.be/v2/tickets/018f3946-4fe9-47ed-8841-9bc6b515b1ec
20650906;https://api.basisregisters.vlaanderen.be/v2/tickets/018f3946-3fff-46c6-85a2-266b9d3e90b3
20650900;https://api.basisregisters.vlaanderen.be/v2/tickets/018f3946-3f13-4f43-8803-29d06ba1dd68
20650898;https://api.basisregisters.vlaanderen.be/v2/tickets/018f3946-3f02-4a4f-b1bc-94ee576ebc03
20650899;https://api.basisregisters.vlaanderen.be/v2/tickets/018f3946-3f01-4876-b5cb-826e5c7603cf
20650896;https://api.basisregisters.vlaanderen.be/v2/tickets/018f3946-3efe-45fd-a027-28a4677cc005
20650897;https://api.basisregisters.vlaanderen.be/v2/tickets/018f3946-3e58-4a2e-832b-4a676c99b991
20650895;https://api.basisregisters.vlaanderen.be/v2/tickets/018f3946-3e53-4d52-843d-d2fe8a0aacff
20650892;https://api.basisregisters.vlaanderen.be/v2/tickets/018f3946-3ddc-4dac-a23c-620ebe0dba3e
20650857;https://api.basisregisters.vlaanderen.be/v2/tickets/018f3946-3bcd-4529-b1fa-edaeff164c97
20650854;https://api.basisregisters.vlaanderen.be/v2/tickets/018f3946-3bcb-4b6c-ac95-2a3989a48dc0
20650849;https://api.basisregisters.vlaanderen.be/v2/tickets/018f3946-3b0f-4e7e-84f7-0f9233dfa058
31416809;https://api.basisregisters.vlaanderen.be/v2/tickets/018f3946-6269-4729-bc3b-6bc3e7fa7f58
31409996;https://api.basisregisters.vlaanderen.be/v2/tickets/018f3946-61ad-419d-8082-2dff7cb91527
31409994;https://api.basisregisters.vlaanderen.be/v2/tickets/018f3946-60c9-4ff9-a9d8-baefd49b2e3b
31409995;https://api.basisregisters.vlaanderen.be/v2/tickets/018f3946-60c7-40b5-b6ed-79a9633b3f34
31406015;https://api.basisregisters.vlaanderen.be/v2/tickets/018f3946-5eaf-4618-915a-fac48fede263
31406013;https://api.basisregisters.vlaanderen.be/v2/tickets/018f3946-5e1d-41b2-9997-39bcff3220aa
31351740;https://api.basisregisters.vlaanderen.be/v2/tickets/018f3946-5d43-4839-9f4b-90f92a7a1e0c
31267252;https://api.basisregisters.vlaanderen.be/v2/tickets/018f3946-5ac9-40ca-adbc-b83333ff4ac6
31267250;https://api.basisregisters.vlaanderen.be/v2/tickets/018f3946-5a72-41b8-94a3-41a9471887fb
31267251;https://api.basisregisters.vlaanderen.be/v2/tickets/018f3946-5a71-4120-b25b-ad52512429eb
31221841;https://api.basisregisters.vlaanderen.be/v2/tickets/018f3946-58bc-4348-a6c8-7ee52e0785da
31131947;https://api.basisregisters.vlaanderen.be/v2/tickets/018f3946-54cc-40e0-9064-900fe8692244
31131945;https://api.basisregisters.vlaanderen.be/v2/tickets/018f3946-544e-496f-a175-87dc5baf65f2
31004353;https://api.basisregisters.vlaanderen.be/v2/tickets/018f3946-51e8-42ef-8d4e-826f95537ffa
31004310;https://api.basisregisters.vlaanderen.be/v2/tickets/018f3946-514d-453e-940f-251b9a2aba0f
30759894;https://api.basisregisters.vlaanderen.be/v2/tickets/018f3946-4d51-434a-8245-985fad217f2d
30757996;https://api.basisregisters.vlaanderen.be/v2/tickets/018f3946-4c87-46b2-9d6f-578dc2dcb4b7
30745768;https://api.basisregisters.vlaanderen.be/v2/tickets/018f3946-48b5-40c3-858b-20c7c330982a
30699289;https://api.basisregisters.vlaanderen.be/v2/tickets/018f3946-47f8-4199-a785-dcedfddbf9b1
30676223;https://api.basisregisters.vlaanderen.be/v2/tickets/018f3946-4695-457d-b012-1bc5d24dc3ba
30676217;https://api.basisregisters.vlaanderen.be/v2/tickets/018f3946-4601-4308-b321-2ea28c5c23f1
30676210;https://api.basisregisters.vlaanderen.be/v2/tickets/018f3946-458e-4fc2-b33e-58488440ed70
30676194;https://api.basisregisters.vlaanderen.be/v2/tickets/018f3946-4415-4ff9-97a1-a9dada2b46c1
30676183;https://api.basisregisters.vlaanderen.be/v2/tickets/018f3946-4275-4acb-be7d-54f14556ae20
20650893;https://api.basisregisters.vlaanderen.be/v2/tickets/018f3946-3dd9-4d0e-b3dd-2490ae892d0b
20650851;https://api.basisregisters.vlaanderen.be/v2/tickets/018f3946-3b0d-4768-af8e-96edb5bf02bd
20650850;https://api.basisregisters.vlaanderen.be/v2/tickets/018f3946-3a4a-43e1-baf8-6f283457024b
31423770;https://api.basisregisters.vlaanderen.be/v2/tickets/018f3946-6319-40e8-a865-5a9f019d2f8d
31416812;https://api.basisregisters.vlaanderen.be/v2/tickets/018f3946-626a-4c9c-9a08-73b971f16475
31409972;https://api.basisregisters.vlaanderen.be/v2/tickets/018f3946-60c7-4800-b6f0-9a076e790033
31409912;https://api.basisregisters.vlaanderen.be/v2/tickets/018f3946-6005-44f2-b0e9-08c555d03fec
31409911;https://api.basisregisters.vlaanderen.be/v2/tickets/018f3946-5f80-4ab1-b839-ad981d21c434
31408610;https://api.basisregisters.vlaanderen.be/v2/tickets/018f3946-5f2d-425a-ad91-0fcae0ca1f3c
31406017;https://api.basisregisters.vlaanderen.be/v2/tickets/018f3946-5eed-4485-b147-89ed85faf37f
31406023;https://api.basisregisters.vlaanderen.be/v2/tickets/018f3946-5eb1-49fb-91f1-8f617a36ace4
31405664;https://api.basisregisters.vlaanderen.be/v2/tickets/018f3946-5e1c-499f-b9b9-45d678f26e63
31351744;https://api.basisregisters.vlaanderen.be/v2/tickets/018f3946-5d44-47bd-ae64-dd40f30a2641
31340806;https://api.basisregisters.vlaanderen.be/v2/tickets/018f3946-5c88-417a-a90a-e10a7d6e581c
31340809;https://api.basisregisters.vlaanderen.be/v2/tickets/018f3946-5c83-4cef-a095-0fe9fccbd7d4
31340803;https://api.basisregisters.vlaanderen.be/v2/tickets/018f3946-5bc6-4d4b-b8fa-98e23891e56b
31267247;https://api.basisregisters.vlaanderen.be/v2/tickets/018f3946-5a73-438a-b307-62a9aaabd136
31266887;https://api.basisregisters.vlaanderen.be/v2/tickets/018f3946-5a32-4e5a-88fd-619b03812599
31266884;https://api.basisregisters.vlaanderen.be/v2/tickets/018f3946-59f2-4e30-a442-7d29b5ea3d9e
31266885;https://api.basisregisters.vlaanderen.be/v2/tickets/018f3946-59e9-4370-b172-577091ba0cf2
31266886;https://api.basisregisters.vlaanderen.be/v2/tickets/018f3946-59ba-40cd-811f-54442810dde9
31221851;https://api.basisregisters.vlaanderen.be/v2/tickets/018f3946-59ba-4c26-96bb-a49c0df33354
31221848;https://api.basisregisters.vlaanderen.be/v2/tickets/018f3946-5944-4efe-ba3a-8f8d6d29b7f1
31221834;https://api.basisregisters.vlaanderen.be/v2/tickets/018f3946-5768-4cff-9357-4c8685739ce8
31221832;https://api.basisregisters.vlaanderen.be/v2/tickets/018f3946-5719-4f7c-966e-42f4a789ca4d
31221824;https://api.basisregisters.vlaanderen.be/v2/tickets/018f3946-56f5-4862-ad7d-42dc87021d34
31208544;https://api.basisregisters.vlaanderen.be/v2/tickets/018f3946-566e-4ea3-8255-868e198d153a
31065572;https://api.basisregisters.vlaanderen.be/v2/tickets/018f3946-544c-42aa-a052-e2625b8ba3fa
31065519;https://api.basisregisters.vlaanderen.be/v2/tickets/018f3946-5373-43df-99e8-6cd83b5290ff
31039332;https://api.basisregisters.vlaanderen.be/v2/tickets/018f3946-526b-4d88-a831-d34360f93ac6
31004352;https://api.basisregisters.vlaanderen.be/v2/tickets/018f3946-51e7-43a9-8914-f6a31fe5fde5
31004309;https://api.basisregisters.vlaanderen.be/v2/tickets/018f3946-514d-409d-88f3-704b5060684c
30853671;https://api.basisregisters.vlaanderen.be/v2/tickets/018f3946-502d-4f82-9138-d1c5e4d81fd4
30853672;https://api.basisregisters.vlaanderen.be/v2/tickets/018f3946-5010-41d2-913a-0e0fa9d0563a
30853666;https://api.basisregisters.vlaanderen.be/v2/tickets/018f3946-4f6e-4b2a-b7bf-34a3436bd109
30853669;https://api.basisregisters.vlaanderen.be/v2/tickets/018f3946-4f6d-46c0-93c2-ff0e9ee60b0e
30784494;https://api.basisregisters.vlaanderen.be/v2/tickets/018f3946-4e3a-4094-a26e-2963f41e0552
30759896;https://api.basisregisters.vlaanderen.be/v2/tickets/018f3946-4d52-49d1-9c3f-e66b8c81cc8d
30758000;https://api.basisregisters.vlaanderen.be/v2/tickets/018f3946-4c87-4c83-85c8-54f42a23aa0c
30749915;https://api.basisregisters.vlaanderen.be/v2/tickets/018f3946-4b08-4273-8b63-da3301e5da76
30749899;https://api.basisregisters.vlaanderen.be/v2/tickets/018f3946-4a97-42e9-9569-87b36ec758b0
30749907;https://api.basisregisters.vlaanderen.be/v2/tickets/018f3946-4a92-46e6-8cf1-a85a3eb8562a
30749909;https://api.basisregisters.vlaanderen.be/v2/tickets/018f3946-4a96-4cd3-9470-608911cb15f6
30749894;https://api.basisregisters.vlaanderen.be/v2/tickets/018f3946-4a17-43dc-bba9-f4c0cf280e8e
30745775;https://api.basisregisters.vlaanderen.be/v2/tickets/018f3946-499d-4e9d-ad74-f4651286fdba
30729450;https://api.basisregisters.vlaanderen.be/v2/tickets/018f3946-48b5-4870-9d11-01d1dedd52bf
30695028;https://api.basisregisters.vlaanderen.be/v2/tickets/018f3946-47f8-4bfd-96f0-046176ce8595
30676227;https://api.basisregisters.vlaanderen.be/v2/tickets/018f3946-471f-4b8e-a992-d216b45bdac7
30676229;https://api.basisregisters.vlaanderen.be/v2/tickets/018f3946-4714-43da-9e98-8c67faf7bf96
30676219;https://api.basisregisters.vlaanderen.be/v2/tickets/018f3946-4601-4fc2-9b5c-7215e5523953
30676211;https://api.basisregisters.vlaanderen.be/v2/tickets/018f3946-45ab-4a08-9a36-dbd719cfd7be
30676213;https://api.basisregisters.vlaanderen.be/v2/tickets/018f3946-4590-4c62-a318-106ca412a963
30676187;https://api.basisregisters.vlaanderen.be/v2/tickets/018f3946-431d-4ac1-a458-0b0830a2a35a
30656000;https://api.basisregisters.vlaanderen.be/v2/tickets/018f3946-4277-48ef-9967-5ab4dbcebebf
30638839;https://api.basisregisters.vlaanderen.be/v2/tickets/018f3946-4276-46bd-ba18-4095927bd87d
30638827;https://api.basisregisters.vlaanderen.be/v2/tickets/018f3946-417a-41d7-a5b8-d786d78ba808
30638825;https://api.basisregisters.vlaanderen.be/v2/tickets/018f3946-4155-4bf3-ae24-ab4ae928b5c2
20650908;https://api.basisregisters.vlaanderen.be/v2/tickets/018f3946-40c5-4808-84f5-80b6a9318656
20715593;https://api.basisregisters.vlaanderen.be/v2/tickets/018f3946-40c3-4ec5-8118-a6451dc51edc
20650902;https://api.basisregisters.vlaanderen.be/v2/tickets/018f3946-3fff-493c-bf15-b915fc6a0946
20650904;https://api.basisregisters.vlaanderen.be/v2/tickets/018f3946-4000-44bf-84e7-014c892ec18c
20650866;https://api.basisregisters.vlaanderen.be/v2/tickets/018f3946-3dd9-4fad-8907-97543ad94d76
20650891;https://api.basisregisters.vlaanderen.be/v2/tickets/018f3946-3cf4-4f3b-bb33-b89087cc5e10
20650862;https://api.basisregisters.vlaanderen.be/v2/tickets/018f3946-3c79-4588-a76d-c27f804ccfd7
20650864;https://api.basisregisters.vlaanderen.be/v2/tickets/018f3946-3c8e-4243-90ec-8e3e45a210f2
20650865;https://api.basisregisters.vlaanderen.be/v2/tickets/018f3946-3c7a-4b26-a6a4-b26068e9db2b
20650853;https://api.basisregisters.vlaanderen.be/v2/tickets/018f3946-3bcc-4442-895f-1461b2bb9cf9
20650852;https://api.basisregisters.vlaanderen.be/v2/tickets/018f3946-3b0d-48f6-9b4d-b8e8e519024c
20650847;https://api.basisregisters.vlaanderen.be/v2/tickets/018f3946-3a4b-4b06-8d17-baafe074bc27
20650813;https://api.basisregisters.vlaanderen.be/v2/tickets/018f3946-39c0-4638-9990-a882fced4d6d
20650812;https://api.basisregisters.vlaanderen.be/v2/tickets/018f3946-39c0-427c-a30b-8f6fd31c0104
20650805;https://api.basisregisters.vlaanderen.be/v2/tickets/018f3946-38d5-41fd-bbbc-6cb846110f4b
20650804;https://api.basisregisters.vlaanderen.be/v2/tickets/018f3946-380b-418f-a85b-3db34a73d6f8
20650807;https://api.basisregisters.vlaanderen.be/v2/tickets/018f3946-380b-4eda-9359-9cbaed43a782
20650802;https://api.basisregisters.vlaanderen.be/v2/tickets/018f3946-37d1-4eb2-a0ed-26a1307ad43d
20650799;https://api.basisregisters.vlaanderen.be/v2/tickets/018f3946-37ac-49be-a06c-646cc49d8150
20650801;https://api.basisregisters.vlaanderen.be/v2/tickets/018f3946-37ad-42a0-aa4f-6863bfe8f6c4
31406011;https://api.basisregisters.vlaanderen.be/v2/tickets/018f3946-5e1d-4878-8575-4a7cfb9d87e7
31351741;https://api.basisregisters.vlaanderen.be/v2/tickets/018f3946-5d44-4811-9088-1680d8c757b0
31340808;https://api.basisregisters.vlaanderen.be/v2/tickets/018f3946-5c82-42f0-8c44-5ba719d25991
31340805;https://api.basisregisters.vlaanderen.be/v2/tickets/018f3946-5bc5-4d8c-8dd3-1c616c085dee
31221838;https://api.basisregisters.vlaanderen.be/v2/tickets/018f3946-57fe-49cd-8569-7c1bcb3f56c0
31221836;https://api.basisregisters.vlaanderen.be/v2/tickets/018f3946-57fc-421e-ae07-18f932b092d8
31221833;https://api.basisregisters.vlaanderen.be/v2/tickets/018f3946-5768-4746-b716-40b73de13c19
30784508;https://api.basisregisters.vlaanderen.be/v2/tickets/018f3946-4f6d-4393-ad92-39cbaad52561
30784506;https://api.basisregisters.vlaanderen.be/v2/tickets/018f3946-4e3e-4ea0-999f-f30f02b6a057
30757994;https://api.basisregisters.vlaanderen.be/v2/tickets/018f3946-4c86-4aa7-a630-e2f40b803f39
30757967;https://api.basisregisters.vlaanderen.be/v2/tickets/018f3946-4b7e-48c9-a490-615f22d9b813
30749916;https://api.basisregisters.vlaanderen.be/v2/tickets/018f3946-4b7d-4ca0-b07d-b787cc50fea9
30749917;https://api.basisregisters.vlaanderen.be/v2/tickets/018f3946-4b79-4857-9b4b-b8c794dcc175
30749912;https://api.basisregisters.vlaanderen.be/v2/tickets/018f3946-4b64-4ad4-96c0-f60eb3e19aba
30749914;https://api.basisregisters.vlaanderen.be/v2/tickets/018f3946-4b09-4e30-8cf2-50825c3148de
30749893;https://api.basisregisters.vlaanderen.be/v2/tickets/018f3946-499e-44f7-896e-614b9b1db87b
30745770;https://api.basisregisters.vlaanderen.be/v2/tickets/018f3946-48b3-4ccf-8524-c0033fa712f8
30718815;https://api.basisregisters.vlaanderen.be/v2/tickets/018f3946-47f8-42a6-b3fa-377feb55e3e9
30676195;https://api.basisregisters.vlaanderen.be/v2/tickets/018f3946-4415-4045-9fce-2e83bd1f4d56
20650800;https://api.basisregisters.vlaanderen.be/v2/tickets/018f3946-37a3-487c-801d-2a39083a4e91
20083925;https://api.basisregisters.vlaanderen.be/v2/tickets/018f3946-3765-4722-bebf-05564498159e
31494400;https://api.basisregisters.vlaanderen.be/v2/tickets/018f3946-6460-4cab-b7aa-7b9cd734962b
31498174;https://api.basisregisters.vlaanderen.be/v2/tickets/018f3946-6429-40b0-930b-1add8f1dee55
31428693;https://api.basisregisters.vlaanderen.be/v2/tickets/018f3946-63cc-44c9-b26c-70a015e89767
31428695;https://api.basisregisters.vlaanderen.be/v2/tickets/018f3946-63ad-4d20-a634-7ba7d9c9a96e
31416815;https://api.basisregisters.vlaanderen.be/v2/tickets/018f3946-6318-4b95-a1ec-70151750e966
31409999;https://api.basisregisters.vlaanderen.be/v2/tickets/018f3946-61b1-4e9d-9bf5-8811d1a9db34
31409992;https://api.basisregisters.vlaanderen.be/v2/tickets/018f3946-60c5-46b6-91f0-628679253b41
31409908;https://api.basisregisters.vlaanderen.be/v2/tickets/018f3946-5f2d-4efc-8a9f-dbfb7b79e803
31406019;https://api.basisregisters.vlaanderen.be/v2/tickets/018f3946-5eb2-4750-b207-d1b6d412b5e5
31392348;https://api.basisregisters.vlaanderen.be/v2/tickets/018f3946-5e1c-4ebd-90de-d9a470fb4a05
31351742;https://api.basisregisters.vlaanderen.be/v2/tickets/018f3946-5d44-4fc8-b192-e31c4584ad3b
31340810;https://api.basisregisters.vlaanderen.be/v2/tickets/018f3946-5c82-4e8e-99da-2dff6c4579e8
31340807;https://api.basisregisters.vlaanderen.be/v2/tickets/018f3946-5c82-4993-bd14-71348647e920
31340801;https://api.basisregisters.vlaanderen.be/v2/tickets/018f3946-5bc5-48d4-9097-ff78edec420c
31331825;https://api.basisregisters.vlaanderen.be/v2/tickets/018f3946-5bc4-40ae-80b1-30d179de1839
31278307;https://api.basisregisters.vlaanderen.be/v2/tickets/018f3946-5aef-44c0-a8d5-d87782fff1fc
31322122;https://api.basisregisters.vlaanderen.be/v2/tickets/018f3946-5acd-413d-8ee2-fd580dc0d6fa
31322121;https://api.basisregisters.vlaanderen.be/v2/tickets/018f3946-5ac8-4634-8950-b1cd59f865a6
31221844;https://api.basisregisters.vlaanderen.be/v2/tickets/018f3946-5945-41b1-ae12-33f19af0bd8c
31221845;https://api.basisregisters.vlaanderen.be/v2/tickets/018f3946-58bc-46db-98b5-3143d7b25e00
31221837;https://api.basisregisters.vlaanderen.be/v2/tickets/018f3946-57fe-4330-91ed-4f10c4edaff7
31221839;https://api.basisregisters.vlaanderen.be/v2/tickets/018f3946-57fd-41c6-9b3d-5c837175b5c6
31221831;https://api.basisregisters.vlaanderen.be/v2/tickets/018f3946-56f4-4845-bf93-d153ae61d92c
31221827;https://api.basisregisters.vlaanderen.be/v2/tickets/018f3946-56f4-4523-9f6f-85904033ab6a
31221830;https://api.basisregisters.vlaanderen.be/v2/tickets/018f3946-56eb-4552-91ee-fa4259d670d5
31210608;https://api.basisregisters.vlaanderen.be/v2/tickets/018f3946-566e-4bf4-9f70-caa47f2c4098
31206821;https://api.basisregisters.vlaanderen.be/v2/tickets/018f3946-566d-4f4d-b5f5-fd20159953f0
31131951;https://api.basisregisters.vlaanderen.be/v2/tickets/018f3946-54c7-44ff-865f-2a787d778195
31131943;https://api.basisregisters.vlaanderen.be/v2/tickets/018f3946-5450-4442-9407-8af049a52578
31116983;https://api.basisregisters.vlaanderen.be/v2/tickets/018f3946-544c-45d4-ab43-fe295a9fb8ec
31065523;https://api.basisregisters.vlaanderen.be/v2/tickets/018f3946-537a-46fe-9dfb-ab5c81a1a803
31039331;https://api.basisregisters.vlaanderen.be/v2/tickets/018f3946-51e9-4b38-ae23-e2a93ebb2404
31004350;https://api.basisregisters.vlaanderen.be/v2/tickets/018f3946-514d-4a38-a6cf-79868987f230
30853676;https://api.basisregisters.vlaanderen.be/v2/tickets/018f3946-507a-4ce6-8fae-f59e4f9efd9c
30853668;https://api.basisregisters.vlaanderen.be/v2/tickets/018f3946-4f6e-4ac8-8e21-ccb13374f145
30784491;https://api.basisregisters.vlaanderen.be/v2/tickets/018f3946-4e3b-4375-b667-a2209601cad8
30759892;https://api.basisregisters.vlaanderen.be/v2/tickets/018f3946-4d51-4dbd-b0da-0a9aa4735d65
30749910;https://api.basisregisters.vlaanderen.be/v2/tickets/018f3946-4a96-436e-876c-a52d94d61ccd
30749897;https://api.basisregisters.vlaanderen.be/v2/tickets/018f3946-4a22-4c3d-9344-feca0f8ea489
30749895;https://api.basisregisters.vlaanderen.be/v2/tickets/018f3946-4a1c-4ce1-a265-96a6197fdb44
30749891;https://api.basisregisters.vlaanderen.be/v2/tickets/018f3946-499f-4796-937c-65cdaf4a7ac1
30745772;https://api.basisregisters.vlaanderen.be/v2/tickets/018f3946-48b3-4904-b943-e1f0c9873eca
30718827;https://api.basisregisters.vlaanderen.be/v2/tickets/018f3946-47f9-4a7c-ac44-660d2ece4cf2
30676228;https://api.basisregisters.vlaanderen.be/v2/tickets/018f3946-471c-4851-a76a-4eba8203752b
30676226;https://api.basisregisters.vlaanderen.be/v2/tickets/018f3946-4714-4616-a7a4-daa9050af2d9
30676224;https://api.basisregisters.vlaanderen.be/v2/tickets/018f3946-4680-41e3-ab39-36dd6a48ba00
30676221;https://api.basisregisters.vlaanderen.be/v2/tickets/018f3946-4694-4a9d-93c0-1ca1784f225c
30676214;https://api.basisregisters.vlaanderen.be/v2/tickets/018f3946-4590-42bb-9a95-b6d97a257517
30676206;https://api.basisregisters.vlaanderen.be/v2/tickets/018f3946-44d7-4b18-8ac6-0a263af540da
30676197;https://api.basisregisters.vlaanderen.be/v2/tickets/018f3946-44d7-4a02-bae2-55ac3faefc8e
30676186;https://api.basisregisters.vlaanderen.be/v2/tickets/018f3946-4320-43fd-ae80-b5c742e6153c
30656001;https://api.basisregisters.vlaanderen.be/v2/tickets/018f3946-4275-4210-ab07-1a50f4bb6330
20871808;https://api.basisregisters.vlaanderen.be/v2/tickets/018f3946-4177-4da3-b14e-88a8dd79f1be
20688097;https://api.basisregisters.vlaanderen.be/v2/tickets/018f3946-40c4-4ccf-8d6d-a54432240a14
20650901;https://api.basisregisters.vlaanderen.be/v2/tickets/018f3946-3eff-4b69-8237-41e37e9c917b
20650855;https://api.basisregisters.vlaanderen.be/v2/tickets/018f3946-3bcc-4378-b27b-f24e29d734ff
20650846;https://api.basisregisters.vlaanderen.be/v2/tickets/018f3946-3b0f-4dd6-832d-5ea2058eba3e
20650806;https://api.basisregisters.vlaanderen.be/v2/tickets/018f3946-38d4-4955-bafb-508199d50f94
20650776;https://api.basisregisters.vlaanderen.be/v2/tickets/018f3946-3752-4ed2-bdb1-0fc8238480b4
20083919;https://api.basisregisters.vlaanderen.be/v2/tickets/018f3946-371f-4099-8324-efd23a7004c5
31409913;https://api.basisregisters.vlaanderen.be/v2/tickets/018f3946-5f83-4f85-8e0e-f1ebfbd42727
30853674;https://api.basisregisters.vlaanderen.be/v2/tickets/018f3946-4fe9-4f28-b2c4-8b5ef1243bfc
30784507;https://api.basisregisters.vlaanderen.be/v2/tickets/018f3946-4f74-4bb4-8711-413cb3bc2552
30757995;https://api.basisregisters.vlaanderen.be/v2/tickets/018f3946-4c86-4d2b-94d8-3adba44d2dcd
30676196;https://api.basisregisters.vlaanderen.be/v2/tickets/018f3946-44d7-4a7f-97de-48753c4e8211
18348516;https://api.basisregisters.vlaanderen.be/v2/tickets/018f3946-3553-446a-8329-e3bb054de1b7
31174970;https://api.basisregisters.vlaanderen.be/v2/tickets/018f3946-55c3-4c13-a388-43df4e63f6bd
31131971;https://api.basisregisters.vlaanderen.be/v2/tickets/018f3946-55c3-40f2-9010-20df3ba52de9
31131954;https://api.basisregisters.vlaanderen.be/v2/tickets/018f3946-5573-4e4f-9738-0a351e4b7f7b
31131965;https://api.basisregisters.vlaanderen.be/v2/tickets/018f3946-554a-4e5f-bc90-d72552b2dad6
31131969;https://api.basisregisters.vlaanderen.be/v2/tickets/018f3946-553e-4266-9b78-2c3b5925be76
31131952;https://api.basisregisters.vlaanderen.be/v2/tickets/018f3946-553d-40ca-afd4-157466443be6
31131948;https://api.basisregisters.vlaanderen.be/v2/tickets/018f3946-54ce-43f7-8bd3-c35b454f6a5f
30904976;https://api.basisregisters.vlaanderen.be/v2/tickets/018f3946-507a-4ccf-adfa-9ada3210901d
30759898;https://api.basisregisters.vlaanderen.be/v2/tickets/018f3946-4e3c-4ddd-a9f4-28b05e34e4c8
30759895;https://api.basisregisters.vlaanderen.be/v2/tickets/018f3946-4d53-499b-9b74-cc475ee3e093
30676222;https://api.basisregisters.vlaanderen.be/v2/tickets/018f3946-4694-4671-8d45-3ce005ebeacf
30676225;https://api.basisregisters.vlaanderen.be/v2/tickets/018f3946-467f-4e2b-9eb8-ba58c648377b
30676191;https://api.basisregisters.vlaanderen.be/v2/tickets/018f3946-4414-4ff6-9e8c-de7761050df9
20083924;https://api.basisregisters.vlaanderen.be/v2/tickets/018f3946-3752-4cf5-ba73-9f90c6618edd
20317322;https://api.basisregisters.vlaanderen.be/v2/tickets/018f3946-371f-4fd9-aeca-e235a0bfbb26
19786213;https://api.basisregisters.vlaanderen.be/v2/tickets/018f3946-36e2-4b3b-8814-050831cf65b9
14666588;https://api.basisregisters.vlaanderen.be/v2/tickets/018f3946-3553-45c6-91fd-2a91003e9569
18081771;https://api.basisregisters.vlaanderen.be/v2/tickets/018f3946-3552-4f16-83dd-884284462c61
31478658;https://api.basisregisters.vlaanderen.be/v2/tickets/018f3946-63b1-49ae-9d20-b1448f931bb6
31494378;https://api.basisregisters.vlaanderen.be/v2/tickets/018f3946-63ac-43dd-90b1-f00a029c020d
31418618;https://api.basisregisters.vlaanderen.be/v2/tickets/018f3946-6319-4ff2-b6c9-21f935a4670c
31416814;https://api.basisregisters.vlaanderen.be/v2/tickets/018f3946-631c-4e80-8189-55b959e1008e
31416810;https://api.basisregisters.vlaanderen.be/v2/tickets/018f3946-6269-4f00-b801-56ba0dd0b1f4
31416807;https://api.basisregisters.vlaanderen.be/v2/tickets/018f3946-61b2-42b6-9d5e-62c117a7b14f
31409997;https://api.basisregisters.vlaanderen.be/v2/tickets/018f3946-61b9-4410-bedc-7b426c9348a3
31409998;https://api.basisregisters.vlaanderen.be/v2/tickets/018f3946-61b2-4da7-a933-86312727564f
31409971;https://api.basisregisters.vlaanderen.be/v2/tickets/018f3946-60c9-406f-989f-8e5ca6dbafc8
31409910;https://api.basisregisters.vlaanderen.be/v2/tickets/018f3946-5f87-45c9-935a-ba11a97be5ee
31409907;https://api.basisregisters.vlaanderen.be/v2/tickets/018f3946-5f2e-4d97-bb88-1f64061f6626
31409899;https://api.basisregisters.vlaanderen.be/v2/tickets/018f3946-5f2d-411e-b257-e927f30001b2
31406021;https://api.basisregisters.vlaanderen.be/v2/tickets/018f3946-5eaf-4c53-83da-43bd1b2f725c
31384737;https://api.basisregisters.vlaanderen.be/v2/tickets/018f3946-5e1e-481d-a031-e4c5c38bc59f
31351746;https://api.basisregisters.vlaanderen.be/v2/tickets/018f3946-5d46-4fab-9aba-fe942b20a545
31340804;https://api.basisregisters.vlaanderen.be/v2/tickets/018f3946-5bc4-4c91-ad3e-1a0be058a6a7
31267249;https://api.basisregisters.vlaanderen.be/v2/tickets/018f3946-5a72-43fb-afb8-d6b2c081ea53
31221850;https://api.basisregisters.vlaanderen.be/v2/tickets/018f3946-5945-45e3-8bd0-f9b16bf71342
31221840;https://api.basisregisters.vlaanderen.be/v2/tickets/018f3946-58bd-4481-af3f-794035f51cbc
31221843;https://api.basisregisters.vlaanderen.be/v2/tickets/018f3946-58c1-4dbd-85b4-fdad106d6aa8
31219801;https://api.basisregisters.vlaanderen.be/v2/tickets/018f3946-566e-467e-874b-57b9999f0f19
31065525;https://api.basisregisters.vlaanderen.be/v2/tickets/018f3946-544c-4612-92ef-ba8cd082eee9
31065521;https://api.basisregisters.vlaanderen.be/v2/tickets/018f3946-537a-420e-add4-d955caa580ff
31039328;https://api.basisregisters.vlaanderen.be/v2/tickets/018f3946-51ea-4089-8c4d-0f1001828ed7
30951916;https://api.basisregisters.vlaanderen.be/v2/tickets/018f3946-514b-4b67-806c-4029cfbd4645
30784492;https://api.basisregisters.vlaanderen.be/v2/tickets/018f3946-4e3b-4701-8c11-027c1342f8a3
30759897;https://api.basisregisters.vlaanderen.be/v2/tickets/018f3946-4d52-49b4-b39f-2cc5d155e58f
30757998;https://api.basisregisters.vlaanderen.be/v2/tickets/018f3946-4c86-441b-807c-c2ddfb02f32c
30749913;https://api.basisregisters.vlaanderen.be/v2/tickets/018f3946-4b48-4b61-94e5-d768f31cf130
30749911;https://api.basisregisters.vlaanderen.be/v2/tickets/018f3946-4b0d-4290-82fe-b8f6e9c7a708
30749900;https://api.basisregisters.vlaanderen.be/v2/tickets/018f3946-4a92-4f8e-a945-c0d3ad5faf65
30749898;https://api.basisregisters.vlaanderen.be/v2/tickets/018f3946-4a25-4ea4-a0b4-09063776af36
30749896;https://api.basisregisters.vlaanderen.be/v2/tickets/018f3946-4a17-4ffb-91c9-627a0ef950e3
30749892;https://api.basisregisters.vlaanderen.be/v2/tickets/018f3946-499e-409a-95f0-2e25f9b16c62
30749889;https://api.basisregisters.vlaanderen.be/v2/tickets/018f3946-499d-4a0c-b4f2-33cccbcbf9e1
30745764;https://api.basisregisters.vlaanderen.be/v2/tickets/018f3946-48b4-4a7c-b492-ece7d1f9586f
30676230;https://api.basisregisters.vlaanderen.be/v2/tickets/018f3946-47f9-49ad-9132-f0b93d921686
30676215;https://api.basisregisters.vlaanderen.be/v2/tickets/018f3946-4602-4290-925b-17316b8836f6
30676216;https://api.basisregisters.vlaanderen.be/v2/tickets/018f3946-4602-4f0d-8607-22d5f2f90b57
30676212;https://api.basisregisters.vlaanderen.be/v2/tickets/018f3946-458e-421a-b5ed-502830185c07
30676209;https://api.basisregisters.vlaanderen.be/v2/tickets/018f3946-44d5-45ae-a465-cb9a49723f13
30676193;https://api.basisregisters.vlaanderen.be/v2/tickets/018f3946-4414-46fd-9ab1-e2a3ed2c362d
30676184;https://api.basisregisters.vlaanderen.be/v2/tickets/018f3946-431d-4d94-ba46-01925db1fc14
30638833;https://api.basisregisters.vlaanderen.be/v2/tickets/018f3946-4274-462a-90b3-af5d6a3a9759
20871823;https://api.basisregisters.vlaanderen.be/v2/tickets/018f3946-4179-4a82-bd83-522ef68f734c
30638829;https://api.basisregisters.vlaanderen.be/v2/tickets/018f3946-417a-43da-aea3-321869018eeb
20650907;https://api.basisregisters.vlaanderen.be/v2/tickets/018f3946-40c6-42bc-8bde-ddd5e5261d0a
20688096;https://api.basisregisters.vlaanderen.be/v2/tickets/018f3946-40c4-4528-9e86-cc3da15d730a
20650890;https://api.basisregisters.vlaanderen.be/v2/tickets/018f3946-3cf5-4a03-81d4-ea2b9b8750ff
20650863;https://api.basisregisters.vlaanderen.be/v2/tickets/018f3946-3c8c-4317-b104-0f5e53867116
20650861;https://api.basisregisters.vlaanderen.be/v2/tickets/018f3946-3c7e-4d2f-b01a-4cb227416617
20650856;https://api.basisregisters.vlaanderen.be/v2/tickets/018f3946-3bcb-4848-a7fa-401b49ac90a7
20650848;https://api.basisregisters.vlaanderen.be/v2/tickets/018f3946-3b11-47ea-9b07-3769aa22ada1
20650815;https://api.basisregisters.vlaanderen.be/v2/tickets/018f3946-39c2-44b9-992f-c592a4d3f46d
20650811;https://api.basisregisters.vlaanderen.be/v2/tickets/018f3946-39c0-4ed1-be73-cd950983750c
20650814;https://api.basisregisters.vlaanderen.be/v2/tickets/018f3946-39c1-47b4-9da9-7664959303fd
20650810;https://api.basisregisters.vlaanderen.be/v2/tickets/018f3946-38d3-47e4-9024-50d4b5b0d66f
20650808;https://api.basisregisters.vlaanderen.be/v2/tickets/018f3946-38d3-49ba-a840-1ceccc2f5a1e
20650809;https://api.basisregisters.vlaanderen.be/v2/tickets/018f3946-38d4-4d85-a367-7cf091d8a3cd
19682887;https://api.basisregisters.vlaanderen.be/v2/tickets/018f3946-359c-4584-8f1a-dc21255cb1a8
18083265;https://api.basisregisters.vlaanderen.be/v2/tickets/018f3946-3553-4200-bf96-8de25a2b64af
