Id;Ticket
31351744;https://api.basisregisters.vlaanderen.be/v2/tickets/018f393e-8f6e-41f2-b22d-bd0f24554765
31351742;https://api.basisregisters.vlaanderen.be/v2/tickets/018f393e-8f67-4660-9377-a2887f16639a
31392348;https://api.basisregisters.vlaanderen.be/v2/tickets/018f393e-8f4a-4649-8f5b-870a16661bd6
31340806;https://api.basisregisters.vlaanderen.be/v2/tickets/018f393e-8e58-426a-85de-ac804630aed0
31221843;https://api.basisregisters.vlaanderen.be/v2/tickets/018f393e-8a4e-4bd9-858c-7bfcd6d53a3a
31039335;https://api.basisregisters.vlaanderen.be/v2/tickets/018f393e-859f-42ab-bf14-e0aeaf4d97f4
31039334;https://api.basisregisters.vlaanderen.be/v2/tickets/018f393e-84fa-4c82-9c5f-c593a476c3e8
30749907;https://api.basisregisters.vlaanderen.be/v2/tickets/018f393e-7f6f-44f2-b67f-36f6ee3f56e1
30745775;https://api.basisregisters.vlaanderen.be/v2/tickets/018f393e-7e52-4c58-8b55-14eed0e8cc32
30745772;https://api.basisregisters.vlaanderen.be/v2/tickets/018f393e-7de5-400c-a946-65b41f9a3d9b
30676184;https://api.basisregisters.vlaanderen.be/v2/tickets/018f393e-78d6-4673-8184-245a23c1d701
30656001;https://api.basisregisters.vlaanderen.be/v2/tickets/018f393e-788b-454b-81bf-48f0b1a1f27a
20650904;https://api.basisregisters.vlaanderen.be/v2/tickets/018f393e-76b6-444e-ac89-9a4294daec58
20650855;https://api.basisregisters.vlaanderen.be/v2/tickets/018f393e-70d0-4f09-9033-e86461332b8a
20650849;https://api.basisregisters.vlaanderen.be/v2/tickets/018f393e-702e-4e30-a453-28bca31b9ed2
31416811;https://api.basisregisters.vlaanderen.be/v2/tickets/018f393e-96a6-4704-a8f6-cf3aaf3dab4d
31409907;https://api.basisregisters.vlaanderen.be/v2/tickets/018f393e-9190-4ed1-9c2f-9d92c8d6b5c2
31406021;https://api.basisregisters.vlaanderen.be/v2/tickets/018f393e-913c-4ca5-8e09-8f974b80b598
31406011;https://api.basisregisters.vlaanderen.be/v2/tickets/018f393e-8ff9-43d2-9dc8-9d4045d953dd
31351746;https://api.basisregisters.vlaanderen.be/v2/tickets/018f393e-8f6e-4e36-b62b-4f4ad6949f72
30749896;https://api.basisregisters.vlaanderen.be/v2/tickets/018f393e-7ee3-4d11-a499-a3e23ff792d8
30638825;https://api.basisregisters.vlaanderen.be/v2/tickets/018f393e-77ce-462e-ac50-49b75de217ac
20715593;https://api.basisregisters.vlaanderen.be/v2/tickets/018f393e-7794-4c4d-80b8-2394bf55e5fb
20871823;https://api.basisregisters.vlaanderen.be/v2/tickets/018f393e-7794-4f9e-89e7-1f7c34832c99
20650863;https://api.basisregisters.vlaanderen.be/v2/tickets/018f393e-7195-432d-8877-87af133cd163
20650846;https://api.basisregisters.vlaanderen.be/v2/tickets/018f393e-6fed-4bad-bcce-3981d2fe6bfd
20650815;https://api.basisregisters.vlaanderen.be/v2/tickets/018f393e-6f28-4c35-afa7-cece0cd64209
31416812;https://api.basisregisters.vlaanderen.be/v2/tickets/018f393e-9506-4fe4-9673-84520c131eec
31416809;https://api.basisregisters.vlaanderen.be/v2/tickets/018f393e-9507-4c48-951a-c03e00e3e667
31416810;https://api.basisregisters.vlaanderen.be/v2/tickets/018f393e-94b5-47fe-945f-2befa63b375f
31409999;https://api.basisregisters.vlaanderen.be/v2/tickets/018f393e-93c6-46ad-b86f-04e55ec72f2b
31406013;https://api.basisregisters.vlaanderen.be/v2/tickets/018f393e-9090-4aed-9b22-7b386acf225f
31340810;https://api.basisregisters.vlaanderen.be/v2/tickets/018f393e-8e53-4e5b-bddf-2843922f64d5
31331825;https://api.basisregisters.vlaanderen.be/v2/tickets/018f393e-8d16-4a35-a5f1-4f744c56b353
31322122;https://api.basisregisters.vlaanderen.be/v2/tickets/018f393e-8c4b-4b03-8538-1edd76f2ba01
31267252;https://api.basisregisters.vlaanderen.be/v2/tickets/018f393e-8c3f-4e63-98c2-20693dd374bb
31266886;https://api.basisregisters.vlaanderen.be/v2/tickets/018f393e-8bb7-43c3-9da3-17123f1f4adb
31266882;https://api.basisregisters.vlaanderen.be/v2/tickets/018f393e-8b42-4117-916b-143482532c54
31221851;https://api.basisregisters.vlaanderen.be/v2/tickets/018f393e-8b43-4e05-b5ef-0c718ff89b9b
31221850;https://api.basisregisters.vlaanderen.be/v2/tickets/018f393e-8b42-466a-86e4-28ac4ea46a23
31221846;https://api.basisregisters.vlaanderen.be/v2/tickets/018f393e-8abf-45e7-882b-a1f53859ff28
31221841;https://api.basisregisters.vlaanderen.be/v2/tickets/018f393e-8a51-4256-a563-f88fa076fd17
31221834;https://api.basisregisters.vlaanderen.be/v2/tickets/018f393e-89d4-4a08-92c0-69800c27df4f
31221831;https://api.basisregisters.vlaanderen.be/v2/tickets/018f393e-895e-48d8-9477-83e8f06f1d2a
31206821;https://api.basisregisters.vlaanderen.be/v2/tickets/018f393e-88e7-436b-9ec7-b733b7ed30e2
31208528;https://api.basisregisters.vlaanderen.be/v2/tickets/018f393e-88e2-45e5-92be-f1cd078f1414
31131969;https://api.basisregisters.vlaanderen.be/v2/tickets/018f393e-87df-474b-925d-f4fe669b74b0
31131947;https://api.basisregisters.vlaanderen.be/v2/tickets/018f393e-869c-4f14-8244-71ab157b044d
31131948;https://api.basisregisters.vlaanderen.be/v2/tickets/018f393e-8690-48ac-93ce-e58374ce50bc
31065523;https://api.basisregisters.vlaanderen.be/v2/tickets/018f393e-861d-4f8c-ae62-d4ae9dcead09
31131943;https://api.basisregisters.vlaanderen.be/v2/tickets/018f393e-861b-428c-a71c-1b84334ee401
31062729;https://api.basisregisters.vlaanderen.be/v2/tickets/018f393e-859e-4cb2-af2e-b925d461f1aa
31039332;https://api.basisregisters.vlaanderen.be/v2/tickets/018f393e-84f9-45c5-8b5d-a745095dd102
31004353;https://api.basisregisters.vlaanderen.be/v2/tickets/018f393e-8479-454e-8177-ea8e8dc56de8
31004350;https://api.basisregisters.vlaanderen.be/v2/tickets/018f393e-846c-4682-900b-99518d72e431
30904976;https://api.basisregisters.vlaanderen.be/v2/tickets/018f393e-8402-4c1a-9c15-bc923951afb2
31004309;https://api.basisregisters.vlaanderen.be/v2/tickets/018f393e-8402-430b-b5ad-aa337049984b
30853676;https://api.basisregisters.vlaanderen.be/v2/tickets/018f393e-83f4-48e1-9e0f-adc5610d0d0a
30853674;https://api.basisregisters.vlaanderen.be/v2/tickets/018f393e-8388-4074-8c61-88f8dd560dbe
30853673;https://api.basisregisters.vlaanderen.be/v2/tickets/018f393e-8381-415b-9750-96340105f211
30853669;https://api.basisregisters.vlaanderen.be/v2/tickets/018f393e-830f-4006-8e55-2b26d623447d
30784508;https://api.basisregisters.vlaanderen.be/v2/tickets/018f393e-8300-4504-9f18-a8373bf0ad36
30784507;https://api.basisregisters.vlaanderen.be/v2/tickets/018f393e-827f-4fae-8745-12865dc324b4
30759896;https://api.basisregisters.vlaanderen.be/v2/tickets/018f393e-8202-47d2-9a6d-4cd511e84552
30759897;https://api.basisregisters.vlaanderen.be/v2/tickets/018f393e-8202-4dc3-b8f4-4421961cd6d4
30758000;https://api.basisregisters.vlaanderen.be/v2/tickets/018f393e-8177-432c-a7e7-ed4056d7b4ef
30749917;https://api.basisregisters.vlaanderen.be/v2/tickets/018f393e-80f6-4554-99f8-7eede19eae8b
30757994;https://api.basisregisters.vlaanderen.be/v2/tickets/018f393e-80f2-4f04-a790-77bd95a6b0cb
30749915;https://api.basisregisters.vlaanderen.be/v2/tickets/018f393e-80e9-4cd9-be56-17a1e305f17d
30749910;https://api.basisregisters.vlaanderen.be/v2/tickets/018f393e-8074-4d56-b5f4-8c266442d06d
30749914;https://api.basisregisters.vlaanderen.be/v2/tickets/018f393e-8070-4824-957c-7d968971b87e
30749909;https://api.basisregisters.vlaanderen.be/v2/tickets/018f393e-7f74-4da8-b2d8-e54c02201b72
30749898;https://api.basisregisters.vlaanderen.be/v2/tickets/018f393e-7f10-4154-8da5-332565cbeb4e
30749900;https://api.basisregisters.vlaanderen.be/v2/tickets/018f393e-7f61-4e7d-b35c-76745f2a49d0
30745770;https://api.basisregisters.vlaanderen.be/v2/tickets/018f393e-7de0-44a5-bd4c-6827e61125e3
30699289;https://api.basisregisters.vlaanderen.be/v2/tickets/018f393e-7d5d-4a86-9f20-10d5565a5692
30718815;https://api.basisregisters.vlaanderen.be/v2/tickets/018f393e-7d6c-4b81-8d60-011d9538632b
30676213;https://api.basisregisters.vlaanderen.be/v2/tickets/018f393e-7b74-433d-8252-e36eab6d13ec
30676208;https://api.basisregisters.vlaanderen.be/v2/tickets/018f393e-7a72-412f-97ee-00d36eb60ab1
30676196;https://api.basisregisters.vlaanderen.be/v2/tickets/018f393e-79fb-4f89-a07f-d07d3dc2f599
30676197;https://api.basisregisters.vlaanderen.be/v2/tickets/018f393e-79fc-459e-8ff5-83efa7099c8a
30676195;https://api.basisregisters.vlaanderen.be/v2/tickets/018f393e-79f1-4138-a047-3fdf729e4d0c
30676193;https://api.basisregisters.vlaanderen.be/v2/tickets/018f393e-7950-448d-8ce6-8058304f5a1f
30676188;https://api.basisregisters.vlaanderen.be/v2/tickets/018f393e-78fe-4815-b1c5-569f44262c6d
30676186;https://api.basisregisters.vlaanderen.be/v2/tickets/018f393e-78f7-40a4-808a-995c38571339
30676187;https://api.basisregisters.vlaanderen.be/v2/tickets/018f393e-78d6-4eb8-be93-ad825e44a63b
30656000;https://api.basisregisters.vlaanderen.be/v2/tickets/018f393e-785f-40f9-b5ea-0bd1c9421611
30638839;https://api.basisregisters.vlaanderen.be/v2/tickets/018f393e-7840-415e-b8e3-62e263fb22fc
30638829;https://api.basisregisters.vlaanderen.be/v2/tickets/018f393e-7810-460d-b667-7365c1452296
20688097;https://api.basisregisters.vlaanderen.be/v2/tickets/018f393e-77ce-4e37-b87a-d62c53100e3e
20650899;https://api.basisregisters.vlaanderen.be/v2/tickets/018f393e-7624-4954-9bf0-d5f9a6a56c7d
20650895;https://api.basisregisters.vlaanderen.be/v2/tickets/018f393e-754b-480a-8dcf-d592dd1b3213
20650862;https://api.basisregisters.vlaanderen.be/v2/tickets/018f393e-718f-43c6-b632-aa471c6ef2b5
20650853;https://api.basisregisters.vlaanderen.be/v2/tickets/018f393e-70d6-44ca-af94-8422a144e485
20650854;https://api.basisregisters.vlaanderen.be/v2/tickets/018f393e-70cf-4303-b2a6-e2d6364a032f
20650856;https://api.basisregisters.vlaanderen.be/v2/tickets/018f393e-70cd-4af6-8b31-64d0f3052d22
20650813;https://api.basisregisters.vlaanderen.be/v2/tickets/018f393e-6f28-4457-bb8d-b3f692d0b173
20650814;https://api.basisregisters.vlaanderen.be/v2/tickets/018f393e-6e4f-43f6-a6aa-a578312eb7eb
20650809;https://api.basisregisters.vlaanderen.be/v2/tickets/018f393e-6dd2-4c6a-b18c-a39933304866
20650776;https://api.basisregisters.vlaanderen.be/v2/tickets/018f393e-6cba-4c4d-a208-b443193e82f1
20083919;https://api.basisregisters.vlaanderen.be/v2/tickets/018f393e-6c87-4dad-a23f-bc23ca49aff2
20083924;https://api.basisregisters.vlaanderen.be/v2/tickets/018f393e-6c5f-4974-9774-be094b4fe1a2
31423770;https://api.basisregisters.vlaanderen.be/v2/tickets/018f393e-9792-4019-9668-33eeaa61f830
31409910;https://api.basisregisters.vlaanderen.be/v2/tickets/018f393e-925a-4706-8cd3-87e82c9699ed
31409909;https://api.basisregisters.vlaanderen.be/v2/tickets/018f393e-91c5-47af-97fa-853b4b148d89
31409899;https://api.basisregisters.vlaanderen.be/v2/tickets/018f393e-9194-411e-87b8-fbb1ba841bae
31405664;https://api.basisregisters.vlaanderen.be/v2/tickets/018f393e-9078-4b58-86e0-bdb1b06781ef
31340809;https://api.basisregisters.vlaanderen.be/v2/tickets/018f393e-8e55-4abd-be8f-521ff25bac5b
31340808;https://api.basisregisters.vlaanderen.be/v2/tickets/018f393e-8d92-4a14-8dca-1cd5c1dfc322
31221830;https://api.basisregisters.vlaanderen.be/v2/tickets/018f393e-895c-46d2-a507-3bcb01ad0270
31131953;https://api.basisregisters.vlaanderen.be/v2/tickets/018f393e-8723-49fe-bdbc-65d3d63bef9e
31131951;https://api.basisregisters.vlaanderen.be/v2/tickets/018f393e-8712-4964-aecd-0b19cb236774
31131952;https://api.basisregisters.vlaanderen.be/v2/tickets/018f393e-870e-4d00-9407-f8a614c6d4e3
30784506;https://api.basisregisters.vlaanderen.be/v2/tickets/018f393e-8284-4595-9ab7-eebf0278f426
30759894;https://api.basisregisters.vlaanderen.be/v2/tickets/018f393e-8204-4a70-9c30-6d383087ca20
30757996;https://api.basisregisters.vlaanderen.be/v2/tickets/018f393e-8176-4dcc-8b99-db219ed88879
30757998;https://api.basisregisters.vlaanderen.be/v2/tickets/018f393e-816d-42d7-aaea-cb24a34354f3
30759892;https://api.basisregisters.vlaanderen.be/v2/tickets/018f393e-8168-48bf-8603-e6178856da49
30749916;https://api.basisregisters.vlaanderen.be/v2/tickets/018f393e-80e9-4b68-8a02-be044df846c3
30749913;https://api.basisregisters.vlaanderen.be/v2/tickets/018f393e-8076-4e8d-b579-ef3dac9fb73a
30749899;https://api.basisregisters.vlaanderen.be/v2/tickets/018f393e-7f61-4a5b-a5db-59d15bb3cdf0
30676222;https://api.basisregisters.vlaanderen.be/v2/tickets/018f393e-7c2b-4dae-83b7-ef9d42714e05
30676209;https://api.basisregisters.vlaanderen.be/v2/tickets/018f393e-7a73-4462-9ab2-392d68a48bd6
30676206;https://api.basisregisters.vlaanderen.be/v2/tickets/018f393e-7a33-4030-a198-dad9771b6352
30676191;https://api.basisregisters.vlaanderen.be/v2/tickets/018f393e-7950-43eb-8f3b-5d02401a91fb
20871808;https://api.basisregisters.vlaanderen.be/v2/tickets/018f393e-77a5-48d4-b3e7-9296bd79a200
20650908;https://api.basisregisters.vlaanderen.be/v2/tickets/018f393e-771d-422e-8efb-505cecc34422
20083925;https://api.basisregisters.vlaanderen.be/v2/tickets/018f393e-6c5b-418f-bed7-ffb488131424
31416813;https://api.basisregisters.vlaanderen.be/v2/tickets/018f393e-96a9-4d9e-91cc-18ebc1b4dcbb
31409995;https://api.basisregisters.vlaanderen.be/v2/tickets/018f393e-92e7-4c83-b005-f28d94b42304
31409911;https://api.basisregisters.vlaanderen.be/v2/tickets/018f393e-9281-4103-9151-3e776995ec14
31409908;https://api.basisregisters.vlaanderen.be/v2/tickets/018f393e-9194-4750-8fcf-91c60769c0ce
31267250;https://api.basisregisters.vlaanderen.be/v2/tickets/018f393e-8bc2-4ebd-971b-9cf0284d4d6f
31267249;https://api.basisregisters.vlaanderen.be/v2/tickets/018f393e-8bb7-4f0f-a5ca-3cc6ff422e1c
31221844;https://api.basisregisters.vlaanderen.be/v2/tickets/018f393e-8ac0-4ceb-9aee-d0d99cfb922f
31221833;https://api.basisregisters.vlaanderen.be/v2/tickets/018f393e-89d8-4ecd-9352-4c254e7756af
31131954;https://api.basisregisters.vlaanderen.be/v2/tickets/018f393e-87dd-4f18-8bcf-fce9e761d6b0
31065519;https://api.basisregisters.vlaanderen.be/v2/tickets/018f393e-85a1-4fe6-b468-2044f037007a
31039330;https://api.basisregisters.vlaanderen.be/v2/tickets/018f393e-84f8-4e34-b719-e14bc7da08d5
30853672;https://api.basisregisters.vlaanderen.be/v2/tickets/018f393e-8381-4a2b-992e-e0892459a343
30749895;https://api.basisregisters.vlaanderen.be/v2/tickets/018f393e-7ee3-4097-a1c1-b9a6191390df
30749897;https://api.basisregisters.vlaanderen.be/v2/tickets/018f393e-7ee4-4b31-943a-3133adbdfaf8
30749894;https://api.basisregisters.vlaanderen.be/v2/tickets/018f393e-7ee4-4bd7-848b-fc29b5b55673
30745768;https://api.basisregisters.vlaanderen.be/v2/tickets/018f393e-7de2-47b2-9a7b-dfd8cf989a70
30676230;https://api.basisregisters.vlaanderen.be/v2/tickets/018f393e-7d5b-4536-880d-19e1138db043
30676228;https://api.basisregisters.vlaanderen.be/v2/tickets/018f393e-7ce8-4023-b2fa-8fc0a5bc4378
30676229;https://api.basisregisters.vlaanderen.be/v2/tickets/018f393e-7ce0-442a-a129-279bb6886ef0
30676215;https://api.basisregisters.vlaanderen.be/v2/tickets/018f393e-7b74-4f69-a31f-e82dd7332620
30676212;https://api.basisregisters.vlaanderen.be/v2/tickets/018f393e-7ae0-4aff-8c02-4965393f4aaa
19786213;https://api.basisregisters.vlaanderen.be/v2/tickets/018f393e-6c5f-4c90-87ea-8ebcf4865992
31494400;https://api.basisregisters.vlaanderen.be/v2/tickets/018f393e-9827-4246-8540-f6341e1ef710
31498174;https://api.basisregisters.vlaanderen.be/v2/tickets/018f393e-9821-4352-aa0c-7b363c7e4fef
31494378;https://api.basisregisters.vlaanderen.be/v2/tickets/018f393e-97e3-4845-b56f-21db466c10a6
31428695;https://api.basisregisters.vlaanderen.be/v2/tickets/018f393e-979e-4e8c-b4b9-f3b57c2a4128
31478658;https://api.basisregisters.vlaanderen.be/v2/tickets/018f393e-9798-4548-a874-4d22f2f57b33
31428693;https://api.basisregisters.vlaanderen.be/v2/tickets/018f393e-9724-445a-a3cf-0d46bb354a6a
31416814;https://api.basisregisters.vlaanderen.be/v2/tickets/018f393e-96a6-4c18-b22d-d71eae8f30b9
31418618;https://api.basisregisters.vlaanderen.be/v2/tickets/018f393e-96a5-4b76-8d7e-ed96fd0ee5fb
31409996;https://api.basisregisters.vlaanderen.be/v2/tickets/018f393e-93c5-4585-a1f6-fd639617a473
31409998;https://api.basisregisters.vlaanderen.be/v2/tickets/018f393e-9387-4ea3-a99c-a406b77cd7f0
31416807;https://api.basisregisters.vlaanderen.be/v2/tickets/018f393e-937d-4d5c-a11d-1f3f4530bd3d
31409973;https://api.basisregisters.vlaanderen.be/v2/tickets/018f393e-92f4-474e-a4cc-7a68bbdc4811
31409992;https://api.basisregisters.vlaanderen.be/v2/tickets/018f393e-92e7-4502-adef-faabd128b416
31409972;https://api.basisregisters.vlaanderen.be/v2/tickets/018f393e-92e0-4bbc-ad79-e716e3251aa3
31409913;https://api.basisregisters.vlaanderen.be/v2/tickets/018f393e-9280-4c5a-a644-b50227a06bd9
31406023;https://api.basisregisters.vlaanderen.be/v2/tickets/018f393e-9194-494f-a8bc-e78ec35696b0
31340807;https://api.basisregisters.vlaanderen.be/v2/tickets/018f393e-8d8f-4c9a-a807-f5088b22e6a9
31340801;https://api.basisregisters.vlaanderen.be/v2/tickets/018f393e-8d26-49df-838a-7ed1c2676bdc
31340803;https://api.basisregisters.vlaanderen.be/v2/tickets/018f393e-8d1a-4c93-8c59-3b581856de9c
31221839;https://api.basisregisters.vlaanderen.be/v2/tickets/018f393e-8a4e-45e7-b284-40d62989353e
31221836;https://api.basisregisters.vlaanderen.be/v2/tickets/018f393e-89d4-4464-9f76-1369ec4dcd72
31004310;https://api.basisregisters.vlaanderen.be/v2/tickets/018f393e-83ff-4401-88f9-e6dbc55d176a
30853668;https://api.basisregisters.vlaanderen.be/v2/tickets/018f393e-8307-45ae-b26a-fe3ebf81572d
30853666;https://api.basisregisters.vlaanderen.be/v2/tickets/018f393e-8300-40fb-a63e-f5905ff483ff
30784494;https://api.basisregisters.vlaanderen.be/v2/tickets/018f393e-8283-4163-ba06-ffff429b1cd4
30759898;https://api.basisregisters.vlaanderen.be/v2/tickets/018f393e-8204-4f4c-8485-3a4439134fdb
30729450;https://api.basisregisters.vlaanderen.be/v2/tickets/018f393e-7de6-4607-922f-5a0f56dfa295
30676227;https://api.basisregisters.vlaanderen.be/v2/tickets/018f393e-7ce1-4b71-9c16-bc960baf07d9
30676211;https://api.basisregisters.vlaanderen.be/v2/tickets/018f393e-7a9a-45ba-a93f-1a5f6f7a578a
30676210;https://api.basisregisters.vlaanderen.be/v2/tickets/018f393e-7a72-471a-9ecb-0a606887a062
20650807;https://api.basisregisters.vlaanderen.be/v2/tickets/018f393e-6dd2-4157-a143-5c8ab0773e38
20650806;https://api.basisregisters.vlaanderen.be/v2/tickets/018f393e-6d87-4d26-aa8e-baf9dfbc28dc
20650805;https://api.basisregisters.vlaanderen.be/v2/tickets/018f393e-6d69-43b8-aaf5-6b17e6194d8b
20650804;https://api.basisregisters.vlaanderen.be/v2/tickets/018f393e-6d3e-4533-b7e1-eb8ace707e2e
20650802;https://api.basisregisters.vlaanderen.be/v2/tickets/018f393e-6d3e-44a5-aa61-e2f15f03e613
20650801;https://api.basisregisters.vlaanderen.be/v2/tickets/018f393e-6d2f-45e3-815c-d10e4d177e48
20650799;https://api.basisregisters.vlaanderen.be/v2/tickets/018f393e-6cc6-4272-87f9-62718b124acb
20650800;https://api.basisregisters.vlaanderen.be/v2/tickets/018f393e-6cc5-4b3d-94d0-d656e6d3773c
20317322;https://api.basisregisters.vlaanderen.be/v2/tickets/018f393e-6cb9-45f7-b463-3b6c3f292be9
19682887;https://api.basisregisters.vlaanderen.be/v2/tickets/018f393e-6a6a-4a2e-bdcc-83de19757dce
14666588;https://api.basisregisters.vlaanderen.be/v2/tickets/018f393e-6a69-4bb5-8844-4ec06b97e239
31418629;https://api.basisregisters.vlaanderen.be/v2/tickets/018f393e-9764-41b6-bccf-27b0e4ac928e
31416815;https://api.basisregisters.vlaanderen.be/v2/tickets/018f393e-96a7-4e61-af2d-e1b3ed0ad266
31278307;https://api.basisregisters.vlaanderen.be/v2/tickets/018f393e-8c45-4674-8fe4-70b8ad69ddb8
31267247;https://api.basisregisters.vlaanderen.be/v2/tickets/018f393e-8bc2-40fa-b150-1d11673828f1
31266887;https://api.basisregisters.vlaanderen.be/v2/tickets/018f393e-8bc1-416f-be64-f31d333f8b34
31221832;https://api.basisregisters.vlaanderen.be/v2/tickets/018f393e-89d4-41ac-a252-5c02d69af01b
31219801;https://api.basisregisters.vlaanderen.be/v2/tickets/018f393e-896f-493d-95da-42eb140da385
31221827;https://api.basisregisters.vlaanderen.be/v2/tickets/018f393e-8960-43f6-9b9a-db9314f5c2fd
31039328;https://api.basisregisters.vlaanderen.be/v2/tickets/018f393e-8476-42a6-b30e-06e99ba04418
30676223;https://api.basisregisters.vlaanderen.be/v2/tickets/018f393e-7c2a-4365-987f-12886b3f5754
30676214;https://api.basisregisters.vlaanderen.be/v2/tickets/018f393e-7b76-4fa3-8f8c-7b42f537aa70
30638833;https://api.basisregisters.vlaanderen.be/v2/tickets/018f393e-7840-490e-997b-d99349176100
30638827;https://api.basisregisters.vlaanderen.be/v2/tickets/018f393e-7810-41b1-991f-21300cff943e
20650902;https://api.basisregisters.vlaanderen.be/v2/tickets/018f393e-76b4-4482-9b88-0aabb6b3c10a
20650890;https://api.basisregisters.vlaanderen.be/v2/tickets/018f393e-7242-405d-8515-dc384b62527e
20650812;https://api.basisregisters.vlaanderen.be/v2/tickets/018f393e-6e41-4136-8321-69e777b26ac4
20650811;https://api.basisregisters.vlaanderen.be/v2/tickets/018f393e-6e41-4ba6-9e10-a572e313f2d2
20650808;https://api.basisregisters.vlaanderen.be/v2/tickets/018f393e-6ddd-4844-b67a-6900717185aa
20650810;https://api.basisregisters.vlaanderen.be/v2/tickets/018f393e-6dd6-4ee0-ab34-c195dfa3a121
18083265;https://api.basisregisters.vlaanderen.be/v2/tickets/018f393e-6a68-4098-bc15-6fde83f762e4
31409997;https://api.basisregisters.vlaanderen.be/v2/tickets/018f393e-93c6-441e-adff-933f1956ec89
31409994;https://api.basisregisters.vlaanderen.be/v2/tickets/018f393e-92e0-4434-96fe-618e05e1a008
31409971;https://api.basisregisters.vlaanderen.be/v2/tickets/018f393e-928e-4802-84ea-450a4ddd44c8
31409912;https://api.basisregisters.vlaanderen.be/v2/tickets/018f393e-9284-4585-9023-417da24a724b
31408610;https://api.basisregisters.vlaanderen.be/v2/tickets/018f393e-910e-4db6-bf17-7c33d8c403f5
31406019;https://api.basisregisters.vlaanderen.be/v2/tickets/018f393e-90bf-469e-8383-d5a168170a0d
31406017;https://api.basisregisters.vlaanderen.be/v2/tickets/018f393e-909a-45da-b100-5a5b23142ab8
31406015;https://api.basisregisters.vlaanderen.be/v2/tickets/018f393e-908f-4157-b971-5b7f25ccad30
31384737;https://api.basisregisters.vlaanderen.be/v2/tickets/018f393e-8f54-45c0-b114-5530a355ffbd
31351741;https://api.basisregisters.vlaanderen.be/v2/tickets/018f393e-8e54-41a2-907b-b0e713d109a0
31340804;https://api.basisregisters.vlaanderen.be/v2/tickets/018f393e-8d18-4b8c-9bfd-2bc42ff24907
31267251;https://api.basisregisters.vlaanderen.be/v2/tickets/018f393e-8c45-4701-bc35-022dee47840d
31322121;https://api.basisregisters.vlaanderen.be/v2/tickets/018f393e-8c3e-4e4e-bd99-f4498a9f7ea9
31266884;https://api.basisregisters.vlaanderen.be/v2/tickets/018f393e-8b43-4e73-9c15-7cbd5509421c
31221848;https://api.basisregisters.vlaanderen.be/v2/tickets/018f393e-8ac5-4a24-83e8-1cd01409d186
31221845;https://api.basisregisters.vlaanderen.be/v2/tickets/018f393e-8ac2-42a6-bd8c-d1dc2c72c968
31221840;https://api.basisregisters.vlaanderen.be/v2/tickets/018f393e-8a4a-45af-aae1-3af248104d75
31221824;https://api.basisregisters.vlaanderen.be/v2/tickets/018f393e-8971-40f2-9a63-b6ccc97ac33c
31208544;https://api.basisregisters.vlaanderen.be/v2/tickets/018f393e-88e4-4edc-8718-37149019b78e
31174970;https://api.basisregisters.vlaanderen.be/v2/tickets/018f393e-88e0-4303-b555-bed34443373a
31131971;https://api.basisregisters.vlaanderen.be/v2/tickets/018f393e-87e0-4c41-b4ab-3c1dcc885aca
31131946;https://api.basisregisters.vlaanderen.be/v2/tickets/018f393e-86bd-4b78-a22d-dc1d6537eeb5
31131945;https://api.basisregisters.vlaanderen.be/v2/tickets/018f393e-8699-4f14-b57f-6ea6091645a5
31131950;https://api.basisregisters.vlaanderen.be/v2/tickets/018f393e-868d-4ffc-b3b0-f585676836a7
31065525;https://api.basisregisters.vlaanderen.be/v2/tickets/018f393e-861e-4497-ac06-ebd74a6598f1
31062728;https://api.basisregisters.vlaanderen.be/v2/tickets/018f393e-859e-4abd-97bd-4255256bb8dd
31039333;https://api.basisregisters.vlaanderen.be/v2/tickets/018f393e-84fa-4da3-b477-5eb118418913
31004352;https://api.basisregisters.vlaanderen.be/v2/tickets/018f393e-8473-4b87-a91a-f1b70bc5b5b3
30853675;https://api.basisregisters.vlaanderen.be/v2/tickets/018f393e-8385-4735-80b1-626a58e89a7a
30853670;https://api.basisregisters.vlaanderen.be/v2/tickets/018f393e-8305-4bea-a01c-32c9a2a60493
30784492;https://api.basisregisters.vlaanderen.be/v2/tickets/018f393e-8284-4fc6-a3e8-3a6acd061bfa
30784491;https://api.basisregisters.vlaanderen.be/v2/tickets/018f393e-8281-4150-9048-d1fffca586c5
30759895;https://api.basisregisters.vlaanderen.be/v2/tickets/018f393e-8203-4676-a006-a2dc9d43cedf
30757995;https://api.basisregisters.vlaanderen.be/v2/tickets/018f393e-816e-4ab4-98ae-e399f859a227
30757967;https://api.basisregisters.vlaanderen.be/v2/tickets/018f393e-80f1-4dd1-8650-f870f8515a89
30749912;https://api.basisregisters.vlaanderen.be/v2/tickets/018f393e-8073-46b6-8d92-20944657e17a
30749911;https://api.basisregisters.vlaanderen.be/v2/tickets/018f393e-8070-4d85-9e57-5ba8f887f82b
30749889;https://api.basisregisters.vlaanderen.be/v2/tickets/018f393e-7e54-44dd-8e24-95e06fb4c3c5
30749892;https://api.basisregisters.vlaanderen.be/v2/tickets/018f393e-7e65-41fa-9e40-7c0f2150aa0c
30749891;https://api.basisregisters.vlaanderen.be/v2/tickets/018f393e-7e52-4030-a7f2-9c19aa53064c
30749893;https://api.basisregisters.vlaanderen.be/v2/tickets/018f393e-7e51-42ea-bc63-cd2f2194d897
30718827;https://api.basisregisters.vlaanderen.be/v2/tickets/018f393e-7d6c-448f-82a4-fc5e75174264
30695028;https://api.basisregisters.vlaanderen.be/v2/tickets/018f393e-7d5d-483f-b7ac-480748850a04
30676225;https://api.basisregisters.vlaanderen.be/v2/tickets/018f393e-7ce0-4041-8ae8-95b1339b020c
30676221;https://api.basisregisters.vlaanderen.be/v2/tickets/018f393e-7c2d-4484-8c17-b0af98326dcc
30676194;https://api.basisregisters.vlaanderen.be/v2/tickets/018f393e-79ec-4aad-bb59-d61df9ddc56a
20688096;https://api.basisregisters.vlaanderen.be/v2/tickets/018f393e-7763-468e-a576-c56ea1007d9f
20650906;https://api.basisregisters.vlaanderen.be/v2/tickets/018f393e-7731-4280-80b5-fdf61c6577cc
20650907;https://api.basisregisters.vlaanderen.be/v2/tickets/018f393e-771d-43f0-90d1-ab3a8f398a38
20650905;https://api.basisregisters.vlaanderen.be/v2/tickets/018f393e-771c-4aae-a96d-6def26139e0e
20650901;https://api.basisregisters.vlaanderen.be/v2/tickets/018f393e-76e4-4774-8ea3-bc59a55a4c85
20650903;https://api.basisregisters.vlaanderen.be/v2/tickets/018f393e-76b9-4aac-aecd-977be17f1010
20650892;https://api.basisregisters.vlaanderen.be/v2/tickets/018f393e-7660-4982-b803-8ce7466f88ba
20650898;https://api.basisregisters.vlaanderen.be/v2/tickets/018f393e-7629-469b-a9d8-94cba9620149
20650894;https://api.basisregisters.vlaanderen.be/v2/tickets/018f393e-754c-47e6-8da8-fc8da0971b96
20650891;https://api.basisregisters.vlaanderen.be/v2/tickets/018f393e-7241-4d68-9fa3-af1a0d20e3c4
20650861;https://api.basisregisters.vlaanderen.be/v2/tickets/018f393e-718f-406e-a01b-cf8648af15e9
20650852;https://api.basisregisters.vlaanderen.be/v2/tickets/018f393e-70cf-46db-889b-a3225c0940e2
20650851;https://api.basisregisters.vlaanderen.be/v2/tickets/018f393e-7020-4c13-9e8a-957e989ce805
20650850;https://api.basisregisters.vlaanderen.be/v2/tickets/018f393e-7023-4477-94e2-980437e41665
20650848;https://api.basisregisters.vlaanderen.be/v2/tickets/018f393e-6fe9-4929-8520-0249e0b44547
18081771;https://api.basisregisters.vlaanderen.be/v2/tickets/018f393e-6a68-4e0d-b702-4cfd5a32ebda
31351740;https://api.basisregisters.vlaanderen.be/v2/tickets/018f393e-8e54-403e-8c37-7f631c8fa353
31340805;https://api.basisregisters.vlaanderen.be/v2/tickets/018f393e-8d18-4e47-aab1-10358f7b2f38
31266885;https://api.basisregisters.vlaanderen.be/v2/tickets/018f393e-8b46-41a1-99a0-bfec7651f0b9
31221849;https://api.basisregisters.vlaanderen.be/v2/tickets/018f393e-8ac0-4b58-b96f-d620a1c82e5c
31221838;https://api.basisregisters.vlaanderen.be/v2/tickets/018f393e-8a4b-4d0b-9566-c95303a7575d
31221837;https://api.basisregisters.vlaanderen.be/v2/tickets/018f393e-89d8-42b9-a67e-93fce4c370e2
31210608;https://api.basisregisters.vlaanderen.be/v2/tickets/018f393e-88de-40a4-89cf-2964c7bc0779
31131965;https://api.basisregisters.vlaanderen.be/v2/tickets/018f393e-87e4-4b27-aa6c-9222cf4e1a6d
31168382;https://api.basisregisters.vlaanderen.be/v2/tickets/018f393e-87e4-4c44-b655-942877291702
31065572;https://api.basisregisters.vlaanderen.be/v2/tickets/018f393e-861d-486d-a85c-489016a1bad8
31116983;https://api.basisregisters.vlaanderen.be/v2/tickets/018f393e-8619-4733-a360-947cda96fd0a
31065521;https://api.basisregisters.vlaanderen.be/v2/tickets/018f393e-85a4-4783-b02b-ecbd16f9d7a6
31039331;https://api.basisregisters.vlaanderen.be/v2/tickets/018f393e-84f9-4c8f-be59-0673ac118fec
31004349;https://api.basisregisters.vlaanderen.be/v2/tickets/018f393e-8477-4e1d-bd53-dfd171be896f
30951916;https://api.basisregisters.vlaanderen.be/v2/tickets/018f393e-83f4-4567-b04d-ce5518cd3595
30853671;https://api.basisregisters.vlaanderen.be/v2/tickets/018f393e-8387-449b-93a6-5f4205db7fd1
30745764;https://api.basisregisters.vlaanderen.be/v2/tickets/018f393e-7de0-413a-8d95-8ee4ab788441
30676226;https://api.basisregisters.vlaanderen.be/v2/tickets/018f393e-7ce1-4730-830c-b95f9ce9c665
30676224;https://api.basisregisters.vlaanderen.be/v2/tickets/018f393e-7c2d-4412-9f87-23c21477f1c0
30676219;https://api.basisregisters.vlaanderen.be/v2/tickets/018f393e-7c27-4352-8336-8c06a4f0aa9c
30676217;https://api.basisregisters.vlaanderen.be/v2/tickets/018f393e-7b86-4ac7-b42c-4e7f410c9d81
30676216;https://api.basisregisters.vlaanderen.be/v2/tickets/018f393e-7b76-4088-9427-ba66bdce00e0
30676189;https://api.basisregisters.vlaanderen.be/v2/tickets/018f393e-7984-499a-a30e-60b8a82bb574
30676190;https://api.basisregisters.vlaanderen.be/v2/tickets/018f393e-7959-49b1-b9de-997ab6767668
30676183;https://api.basisregisters.vlaanderen.be/v2/tickets/018f393e-78d8-42cd-9bfb-4038b80174eb
20650897;https://api.basisregisters.vlaanderen.be/v2/tickets/018f393e-7629-4188-a633-9a8f05ef2f3e
20650900;https://api.basisregisters.vlaanderen.be/v2/tickets/018f393e-762a-4e8b-95c7-7313c72a13e2
20650896;https://api.basisregisters.vlaanderen.be/v2/tickets/018f393e-7550-4383-b577-17ae52eb0e05
20650893;https://api.basisregisters.vlaanderen.be/v2/tickets/018f393e-754b-4396-a2ec-2e7bcda806e9
20650866;https://api.basisregisters.vlaanderen.be/v2/tickets/018f393e-7245-444e-813e-2eb93f7390f8
20650865;https://api.basisregisters.vlaanderen.be/v2/tickets/018f393e-723a-461c-bfea-b5caf3d09204
20650857;https://api.basisregisters.vlaanderen.be/v2/tickets/018f393e-723b-4c02-903b-c434ffd3ebdf
20650864;https://api.basisregisters.vlaanderen.be/v2/tickets/018f393e-7193-46f2-8720-0ac5ffa4555f
20650847;https://api.basisregisters.vlaanderen.be/v2/tickets/018f393e-6f26-41fd-b85b-9ad027aee769
18348516;https://api.basisregisters.vlaanderen.be/v2/tickets/018f393e-6a6f-499a-b071-faa85368b370
