"Id","Url","Body"
"11472C0297-00Z000","https://api.basisregisters.vlaanderen.be/v2/percelen/{id}/acties/adresontkoppelen","{ ""adresId"": ""https://data.vlaanderen.be/id/adres/5663692"" } "
"31803C1215-00F000","https://api.basisregisters.vlaanderen.be/v2/percelen/{id}/acties/adresontkoppelen","{ ""adresId"": ""https://data.vlaanderen.be/id/adres/4388101"" } "
"31803C1215-00F000","https://api.basisregisters.vlaanderen.be/v2/percelen/{id}/acties/adresontkoppelen","{ ""adresId"": ""https://data.vlaanderen.be/id/adres/4306069"" } "
"31803C1215-00F000","https://api.basisregisters.vlaanderen.be/v2/percelen/{id}/acties/adresontkoppelen","{ ""adresId"": ""https://data.vlaanderen.be/id/adres/4334877"" } "
"31002B0009-00C000","https://api.basisregisters.vlaanderen.be/v2/percelen/{id}/acties/adresontkoppelen","{ ""adresId"": ""https://data.vlaanderen.be/id/adres/3756311"" } "
"31002B0009-00C000","https://api.basisregisters.vlaanderen.be/v2/percelen/{id}/acties/adresontkoppelen","{ ""adresId"": ""https://data.vlaanderen.be/id/adres/3756309"" } "
"31002B0009-00C000","https://api.basisregisters.vlaanderen.be/v2/percelen/{id}/acties/adresontkoppelen","{ ""adresId"": ""https://data.vlaanderen.be/id/adres/3756303"" } "
"31002B0009-00C000","https://api.basisregisters.vlaanderen.be/v2/percelen/{id}/acties/adresontkoppelen","{ ""adresId"": ""https://data.vlaanderen.be/id/adres/3756302"" } "
"31002B0009-00C000","https://api.basisregisters.vlaanderen.be/v2/percelen/{id}/acties/adresontkoppelen","{ ""adresId"": ""https://data.vlaanderen.be/id/adres/3756301"" } "
"11034B0656-00A000","https://api.basisregisters.vlaanderen.be/v2/percelen/{id}/acties/adresontkoppelen","{ ""adresId"": ""https://data.vlaanderen.be/id/adres/30096610"" } "
"11034B0656-00A000","https://api.basisregisters.vlaanderen.be/v2/percelen/{id}/acties/adresontkoppelen","{ ""adresId"": ""https://data.vlaanderen.be/id/adres/30096611"" } "
"11034B0656-00A000","https://api.basisregisters.vlaanderen.be/v2/percelen/{id}/acties/adresontkoppelen","{ ""adresId"": ""https://data.vlaanderen.be/id/adres/30096612"" } "
"11034B0656-00A000","https://api.basisregisters.vlaanderen.be/v2/percelen/{id}/acties/adresontkoppelen","{ ""adresId"": ""https://data.vlaanderen.be/id/adres/30096613"" } "
"11034B0656-00A000","https://api.basisregisters.vlaanderen.be/v2/percelen/{id}/acties/adresontkoppelen","{ ""adresId"": ""https://data.vlaanderen.be/id/adres/30096614"" } "
"11034B0656-00A000","https://api.basisregisters.vlaanderen.be/v2/percelen/{id}/acties/adresontkoppelen","{ ""adresId"": ""https://data.vlaanderen.be/id/adres/30096615"" } "
"31002B0009-00C000","https://api.basisregisters.vlaanderen.be/v2/percelen/{id}/acties/adresontkoppelen","{ ""adresId"": ""https://data.vlaanderen.be/id/adres/3756284"" } "
"31425C0376-00A000","https://api.basisregisters.vlaanderen.be/v2/percelen/{id}/acties/adresontkoppelen","{ ""adresId"": ""https://data.vlaanderen.be/id/adres/30219267"" } "
"31425C0376-00A000","https://api.basisregisters.vlaanderen.be/v2/percelen/{id}/acties/adresontkoppelen","{ ""adresId"": ""https://data.vlaanderen.be/id/adres/30219265"" } "
"31425C0376-00A000","https://api.basisregisters.vlaanderen.be/v2/percelen/{id}/acties/adresontkoppelen","{ ""adresId"": ""https://data.vlaanderen.be/id/adres/30219262"" } "
"31002B0009-00C000","https://api.basisregisters.vlaanderen.be/v2/percelen/{id}/acties/adresontkoppelen","{ ""adresId"": ""https://data.vlaanderen.be/id/adres/3756283"" } "
"11811L3656-00G002","https://api.basisregisters.vlaanderen.be/v2/percelen/{id}/acties/adresontkoppelen","{ ""adresId"": ""https://data.vlaanderen.be/id/adres/30158671"" } "
"31002B0009-00C000","https://api.basisregisters.vlaanderen.be/v2/percelen/{id}/acties/adresontkoppelen","{ ""adresId"": ""https://data.vlaanderen.be/id/adres/3756282"" } "
"31002B0009-00C000","https://api.basisregisters.vlaanderen.be/v2/percelen/{id}/acties/adresontkoppelen","{ ""adresId"": ""https://data.vlaanderen.be/id/adres/3756281"" } "
"31002B0009-00C000","https://api.basisregisters.vlaanderen.be/v2/percelen/{id}/acties/adresontkoppelen","{ ""adresId"": ""https://data.vlaanderen.be/id/adres/3756280"" } "
"31002B0009-00C000","https://api.basisregisters.vlaanderen.be/v2/percelen/{id}/acties/adresontkoppelen","{ ""adresId"": ""https://data.vlaanderen.be/id/adres/3756279"" } "
"11043D0765-00F003","https://api.basisregisters.vlaanderen.be/v2/percelen/{id}/acties/adresontkoppelen","{ ""adresId"": ""https://data.vlaanderen.be/id/adres/4301607"" } "
"11043D0765-00F003","https://api.basisregisters.vlaanderen.be/v2/percelen/{id}/acties/adresontkoppelen","{ ""adresId"": ""https://data.vlaanderen.be/id/adres/4290301"" } "
"11043D0765-00F003","https://api.basisregisters.vlaanderen.be/v2/percelen/{id}/acties/adresontkoppelen","{ ""adresId"": ""https://data.vlaanderen.be/id/adres/4289283"" } "
"11043D0765-00F003","https://api.basisregisters.vlaanderen.be/v2/percelen/{id}/acties/adresontkoppelen","{ ""adresId"": ""https://data.vlaanderen.be/id/adres/4272117"" } "
"11043D0765-00F003","https://api.basisregisters.vlaanderen.be/v2/percelen/{id}/acties/adresontkoppelen","{ ""adresId"": ""https://data.vlaanderen.be/id/adres/4239968"" } "
"11043D0765-00F003","https://api.basisregisters.vlaanderen.be/v2/percelen/{id}/acties/adresontkoppelen","{ ""adresId"": ""https://data.vlaanderen.be/id/adres/4226739"" } "
"11043D0765-00F003","https://api.basisregisters.vlaanderen.be/v2/percelen/{id}/acties/adresontkoppelen","{ ""adresId"": ""https://data.vlaanderen.be/id/adres/4434322"" } "
"11043D0765-00F003","https://api.basisregisters.vlaanderen.be/v2/percelen/{id}/acties/adresontkoppelen","{ ""adresId"": ""https://data.vlaanderen.be/id/adres/4361889"" } "
"31002B0023-00D000","https://api.basisregisters.vlaanderen.be/v2/percelen/{id}/acties/adresontkoppelen","{ ""adresId"": ""https://data.vlaanderen.be/id/adres/3756310"" } "
"31002B0023-00D000","https://api.basisregisters.vlaanderen.be/v2/percelen/{id}/acties/adresontkoppelen","{ ""adresId"": ""https://data.vlaanderen.be/id/adres/3756312"" } "
"13040B1046-00A000","https://api.basisregisters.vlaanderen.be/v2/percelen/{id}/acties/adresontkoppelen","{ ""adresId"": ""https://data.vlaanderen.be/id/adres/30304894"" } "
"13040B1046-00A000","https://api.basisregisters.vlaanderen.be/v2/percelen/{id}/acties/adresontkoppelen","{ ""adresId"": ""https://data.vlaanderen.be/id/adres/30304892"" } "
"13040B1046-00A000","https://api.basisregisters.vlaanderen.be/v2/percelen/{id}/acties/adresontkoppelen","{ ""adresId"": ""https://data.vlaanderen.be/id/adres/30304890"" } "
"31811A3032-00A000","https://api.basisregisters.vlaanderen.be/v2/percelen/{id}/acties/adresontkoppelen","{ ""adresId"": ""https://data.vlaanderen.be/id/adres/495657"" } "
"44080C0750-00N000","https://api.basisregisters.vlaanderen.be/v2/percelen/{id}/acties/adresontkoppelen","{ ""adresId"": ""https://data.vlaanderen.be/id/adres/20443450"" } "
"31512B0341-00X006","https://api.basisregisters.vlaanderen.be/v2/percelen/{id}/acties/adresontkoppelen","{ ""adresId"": ""https://data.vlaanderen.be/id/adres/4393839"" } "
"31805E1415-00A000","https://api.basisregisters.vlaanderen.be/v2/percelen/{id}/acties/adresontkoppelen","{ ""adresId"": ""https://data.vlaanderen.be/id/adres/30216473"" } "
"31805E1415-00A000","https://api.basisregisters.vlaanderen.be/v2/percelen/{id}/acties/adresontkoppelen","{ ""adresId"": ""https://data.vlaanderen.be/id/adres/30216465"" } "
"72029A1353-00M000","https://api.basisregisters.vlaanderen.be/v2/percelen/{id}/acties/adresontkoppelen","{ ""adresId"": ""https://data.vlaanderen.be/id/adres/30283814"" } "
"71051C1017-00D000","https://api.basisregisters.vlaanderen.be/v2/percelen/{id}/acties/adresontkoppelen","{ ""adresId"": ""https://data.vlaanderen.be/id/adres/30339755"" } "
"72001C0799-00N002","https://api.basisregisters.vlaanderen.be/v2/percelen/{id}/acties/adresontkoppelen","{ ""adresId"": ""https://data.vlaanderen.be/id/adres/30303571"" } "
"72001C0799-00N002","https://api.basisregisters.vlaanderen.be/v2/percelen/{id}/acties/adresontkoppelen","{ ""adresId"": ""https://data.vlaanderen.be/id/adres/30303573"" } "