Id,Ticket
11043D0765-00F003,https://api.basisregisters.vlaanderen.be/v2/tickets/0194a6e7-21f2-4cc0-ae5d-d917824d159f
11043D0765-00F003,https://api.basisregisters.vlaanderen.be/v2/tickets/0194a6e7-21bd-4f2f-a8ab-cadd7fd344ac
11043D0765-00F003,https://api.basisregisters.vlaanderen.be/v2/tickets/0194a6e7-21a7-4bd6-805a-9a2193876c4b
72001C0799-00N002,https://api.basisregisters.vlaanderen.be/v2/tickets/0194a6e7-23ea-436d-bed5-a63de3297965
72001C0799-00N002,https://api.basisregisters.vlaanderen.be/v2/tickets/0194a6e7-23e9-4ec8-a06f-5216336e1047
71051C1017-00D000,https://api.basisregisters.vlaanderen.be/v2/tickets/0194a6e7-2390-416f-82d1-1f11865b7079
72029A1353-00M000,https://api.basisregisters.vlaanderen.be/v2/tickets/0194a6e7-237c-4a9b-83f6-eb560a71a12d
31512B0341-00X006,https://api.basisregisters.vlaanderen.be/v2/tickets/0194a6e7-2336-423f-b202-ccfee1d3bc4d
31805E1415-00A000,https://api.basisregisters.vlaanderen.be/v2/tickets/0194a6e7-235a-4621-afc9-2cf7b072ad33
13040B1046-00A000,https://api.basisregisters.vlaanderen.be/v2/tickets/0194a6e7-232c-47bc-ba08-a83a592a1be6
31811A3032-00A000,https://api.basisregisters.vlaanderen.be/v2/tickets/0194a6e7-2323-4831-b64c-0f2b42c969ca
44080C0750-00N000,https://api.basisregisters.vlaanderen.be/v2/tickets/0194a6e7-22c7-4e43-963e-7cf1e67e97a7
13040B1046-00A000,https://api.basisregisters.vlaanderen.be/v2/tickets/0194a6e7-22ae-4117-8f95-68e41b4d9f4e
31002B0009-00C000,https://api.basisregisters.vlaanderen.be/v2/tickets/0194a6e7-2151-4f63-aa5c-532e1dc87de0
31002B0009-00C000,https://api.basisregisters.vlaanderen.be/v2/tickets/0194a6e7-2153-439d-885c-e83ab1c1d206
31002B0009-00C000,https://api.basisregisters.vlaanderen.be/v2/tickets/0194a6e7-2151-417a-8389-4f9849d49bfd
31002B0009-00C000,https://api.basisregisters.vlaanderen.be/v2/tickets/0194a6e7-213b-4424-a9c2-34159b26e4b7
11811L3656-00G002,https://api.basisregisters.vlaanderen.be/v2/tickets/0194a6e7-20e0-45d4-87d4-eea8a91d4ad6
31425C0376-00A000,https://api.basisregisters.vlaanderen.be/v2/tickets/0194a6e7-20d3-496d-837a-15df7543deb0
31805E1415-00A000,https://api.basisregisters.vlaanderen.be/v2/tickets/0194a6e7-2337-4bff-99d4-e1d4f3e6e86c
31002B0023-00D000,https://api.basisregisters.vlaanderen.be/v2/tickets/0194a6e7-2256-4ae1-a479-6e156ffc39d8
11043D0765-00F003,https://api.basisregisters.vlaanderen.be/v2/tickets/0194a6e7-224e-4428-9081-48ef2cf27bde
11043D0765-00F003,https://api.basisregisters.vlaanderen.be/v2/tickets/0194a6e7-2206-4f9d-ba8c-fc088c84ced5
11043D0765-00F003,https://api.basisregisters.vlaanderen.be/v2/tickets/0194a6e7-2202-4408-a4a0-9f2ae767e0c7
31002B0009-00C000,https://api.basisregisters.vlaanderen.be/v2/tickets/0194a6e7-20d3-4319-9ed5-66c1d8c4c2ae
31425C0376-00A000,https://api.basisregisters.vlaanderen.be/v2/tickets/0194a6e7-20c0-4a69-9767-fcd7afd47ea9
11034B0656-00A000,https://api.basisregisters.vlaanderen.be/v2/tickets/0194a6e7-1fc7-4734-91c3-349408687d3c
31002B0009-00C000,https://api.basisregisters.vlaanderen.be/v2/tickets/0194a6e7-1fc6-4322-923a-eb93323e2109
31002B0009-00C000,https://api.basisregisters.vlaanderen.be/v2/tickets/0194a6e7-1fc6-464e-b55c-bea6284380cc
11034B0656-00A000,https://api.basisregisters.vlaanderen.be/v2/tickets/0194a6e7-1feb-4bf5-ab4d-1d6e54d5a635
11034B0656-00A000,https://api.basisregisters.vlaanderen.be/v2/tickets/0194a6e7-1fa0-469a-a3b7-9c49606e073b
11034B0656-00A000,https://api.basisregisters.vlaanderen.be/v2/tickets/0194a6e7-1f27-44c8-9934-c19a61d93b85
31002B0009-00C000,https://api.basisregisters.vlaanderen.be/v2/tickets/0194a6e7-1ec9-4cc6-9212-317bb7ff8503
31002B0009-00C000,https://api.basisregisters.vlaanderen.be/v2/tickets/0194a6e7-1ec2-4a74-9148-91e24f643b5b
31803C1215-00F000,https://api.basisregisters.vlaanderen.be/v2/tickets/0194a6e7-1e1d-495a-9389-afdd38a3155c
31803C1215-00F000,https://api.basisregisters.vlaanderen.be/v2/tickets/0194a6e7-1e21-432b-9fee-d04e78a44003
31002B0009-00C000,https://api.basisregisters.vlaanderen.be/v2/tickets/0194a6e7-1e29-4131-93d6-c905a3f8315a
13040B1046-00A000,https://api.basisregisters.vlaanderen.be/v2/tickets/0194a6e7-22ae-4c4f-9e34-79bc138d91bf
11043D0765-00F003,https://api.basisregisters.vlaanderen.be/v2/tickets/0194a6e7-2259-42b9-912c-77b33f329287
31002B0023-00D000,https://api.basisregisters.vlaanderen.be/v2/tickets/0194a6e7-225a-4c6b-9879-ca614ebf774e
11043D0765-00F003,https://api.basisregisters.vlaanderen.be/v2/tickets/0194a6e7-21fc-47ea-9361-aa243a0d8b32
31425C0376-00A000,https://api.basisregisters.vlaanderen.be/v2/tickets/0194a6e7-20c1-4da7-bf80-a9e5fe299ba1
11034B0656-00A000,https://api.basisregisters.vlaanderen.be/v2/tickets/0194a6e7-2078-4622-84c9-323b822d0b7d
31002B0009-00C000,https://api.basisregisters.vlaanderen.be/v2/tickets/0194a6e7-206f-4ffa-928d-4dfe76c72169
11034B0656-00A000,https://api.basisregisters.vlaanderen.be/v2/tickets/0194a6e7-203a-4da2-98be-b0ee5b3cb2d0
11472C0297-00Z000,https://api.basisregisters.vlaanderen.be/v2/tickets/0194a6e7-200e-4437-9ba6-26d627385999
31803C1215-00F000,https://api.basisregisters.vlaanderen.be/v2/tickets/0194a6e7-1e1f-4d05-bddf-e46bb2064f4f
